<?xml version="1.0" encoding="UTF-8"?>
<beans xmlns="http://www.springframework.org/schema/beans"
       xmlns:xsi="http://www.w3.org/2001/XMLSchema-instance"
       xmlns:context="http://www.springframework.org/schema/context"
       xmlns:h="http://www.hasor.net/schema/spring-hasor"
       xmlns:mvc="http://www.springframework.org/schema/mvc"
       xsi:schemaLocation="
       http://www.springframework.org/schema/beans http://www.springframework.org/schema/beans/spring-beans.xsd
       http://www.springframework.org/schema/context http://www.springframework.org/schema/context/spring-context.xsd
       http://www.springframework.org/schema/mvc http://www.springframework.org/schema/mvc/spring-mvc.xsd
       http://www.hasor.net/schema/spring-hasor http://www.hasor.net/schema/spring-hasor/spring-hasor-4.2.2.xsd">

    <context:annotation-config/>
    <context:component-scan base-package="net.example.springmvc.web">
        <context:include-filter type="annotation" expression="org.springframework.stereotype.Controller"/>
    </context:component-scan>
    <mvc:annotation-driven/>

    <!-- config hasor dispatcher -->
    <h:web-dispatcher>
        <h:mapping path="/interface-ui/*"/>
        <h:mapping path="/api/*"/>
    </h:web-dispatcher>

    <bean class="org.springframework.web.servlet.view.InternalResourceViewResolver">
        <property name="viewClass" value="org.springframework.web.servlet.view.JstlView"/>
        <property name="prefix" value="/"/>
        <property name="suffix" value=".jsp"/>
    </bean>
</beans>